company_name,company_region,listings_website
Grammarly,US,https://boards.greenhouse.io/grammarly
Twilio,US,https://boards.greenhouse.io/twilio
WillowTree,US,https://boards.greenhouse.io/willowtree
Carbon,US,https://boards.greenhouse.io/carbon
Skyryse,US,https://boards.greenhouse.io/skyryse
Scale AI,US,https://scale.com/careers
Zip,US,https://boards.greenhouse.io/auctane
Chime,US,https://boards.greenhouse.io/chime
Vast,US,https://boards.greenhouse.io/vast
Hudson River Trading,US,https://boards.greenhouse.io/wehrtyou
Figma,US,https://boards.greenhouse.io/figma
Astranis,US,https://boards.greenhouse.io/astranis
Hudl,US,https://boards.greenhouse.io/hudl
Groq,US,https://boards.greenhouse.io/groq
Gearset,UK,https://boards.greenhouse.io/gearset
Bending Spoons,UK,https://boards.greenhouse.io/bendingspoons
Rulebase,UK,https://boards.greenhouse.io/rulebase
Point72,UK,https://boards.greenhouse.io/point72
Blockchain.com,UK,https://boards.greenhouse.io/blockchain
Qube Research & Technologies,UK,https://boards.greenhouse.io/qrt
Tripadvisor,UK,https://boards.greenhouse.io/tripadvisor